,file_name
0,EP02_01f
1,EP03_02
2,EP04_02
3,EP04_03
4,EP04_04
5,EP19_01
6,EP19_03f
7,EP19_05f
8,EP19_06f
9,EP01_11f
10,EP02_04f
11,EP03_02f
12,EP06_01f
13,EP06_02f
14,EP08_04
15,EP09_01
16,EP09_06f
17,EP09_10
18,EP11_01
19,EP13_04
20,EP14_01
21,EP15_04
22,EP01_2
23,EP07_03
24,EP07_04
25,EP08_1
26,EP09_03
27,EP18_06
28,EP19_08
29,EP12_01f
30,EP12_02f
31,EP13_02f
32,EP13_06f
33,EP19_01f
34,EP02_07
35,EP03_01
36,EP03_06
37,EP03_07
38,EP04_05
39,EP04_06
40,EP05_03
41,EP05_09
42,EP06_10
43,EP07_01
44,EP08_05
45,EP09_05f
46,EP12_03f
47,EP12_06
48,EP13_04f
49,EP13_06
50,EP16_03f
51,EP16_04f
52,EP19_03
53,EP01_01
54,EP02_31
55,EP10_08
56,EP15_02
57,EP16_05
58,EP01_01
59,EP03_04
60,EP06_01
61,EP06_02_01
62,EP06_02_02
63,EP08_02
64,EP15_01
65,EP18_01
66,EP18_03
67,EP12_07f
68,EP12_08f
69,EP13_01f
70,EP02_01f
71,EP05_02
72,EP05_03
73,EP05_05
74,EP06_01f
75,EP06_02f
76,EP09f
77,EP09_04
78,EP09_05
79,EP13_01
80,EP13_02
81,EP15_05
82,EP17_08
83,EP18_03
84,EP06_01f
85,EP08_01f
86,EP10_01f
87,EP11_01
88,EP11_01f
89,EP12_02f
90,EP12_03f
91,EP12_04
92,EP13_01
93,EP13_02f
94,EP13_03f
95,EP16_02f
96,EP18_01f
97,EP19_04f
98,EP02_06f
99,EP08_01f
100,EP12_03f
101,EP13_02f
102,EP13_03f
103,EP13_05f
104,EP15_01f
105,EP15_04f
106,EP18_03f
107,EP19_03f
108,EP01_02
109,EP02_05
110,EP03_02
111,EP03_04
112,EP04_16
113,EP06_06
114,EP08_01
115,EP08_03
116,EP08_07
117,EP09_02
118,EP09_06
119,EP16_02
120,EP01_01
121,EP01_02
122,EP02_02
123,EP02_03
124,EP03_01
125,EP08_01
126,EP09_10
127,EP12_01
128,EP04_04f
129,EP09_03
130,EP09_04
131,EP09_06
132,EP03_02
133,EP04_02
134,EP08_02
135,EP01_05
136,EP01_08
137,EP01_09f
138,EP04_02f
139,EP01_06
140,EP01_13
141,EP01_15
142,EP02_01
143,EP02_03
144,EP02_11
145,EP02_18f
146,EP03_02
147,EP03_09
148,EP05_02
149,EP05_03
150,EP05_03f
151,EP05_04
152,EP05_09
153,EP05_10
154,EP06_04
155,EP06_07
156,EP06_08
157,EP07_01
158,EP08_02
159,EP08_03
160,EP10_06
161,EP11_01
162,EP11_02
163,EP12_03
164,EP13_01
165,EP13_03
166,EP13_04
167,EP13_06
168,EP13_09
169,EP15_01
170,EP15_03
171,EP15_04
172,EP15_05
173,EP16_01f
174,EP18_07
175,EP08_01
176,EP18_01
177,EP19_01
178,EP01_01f
179,EP01_02f
180,EP02_01
181,EP06_01f
182,EP06_02f
183,EP08_02
184,EP11_01f
185,EP11_04f
186,EP13_01
187,EP15_03f
188,EP16_01
189,EP16_02
190,EP19_01
191,EP19_02
192,EP19_03
193,EP19_04
194,EP01_03
195,EP03_02
196,EP06_03
197,EP07_04
198,EP10_02
199,EP12_01
200,EP13_02
201,EP15_03f
202,EP16_01
203,EP16_04
204,EP18_03
205,EP01_07
206,EP05_02
207,EP01_12
208,EP13_08
209,EP02_01
210,EP03_14f
211,EP04_03f
212,EP05_24f
213,EP05_25f
214,EP07_01
215,EP12_02f
216,EP12_03
217,EP13_03
218,EP13_04
219,EP13_07f
220,EP17_01
221,EP01_08
222,EP02_02f
223,EP07_01
224,EP07_04f
225,EP08_02
226,EP10_01f
227,EP10_02
228,EP10_03
229,EP12_01
230,EP18_03
231,EP03_01
232,EP03_02
233,EP09_02
234,EP10_01
235,EP10_10
236,EP12_01
237,EP18_04f
238,EP03_10
239,EP07_28
240,EP07_37
241,EP08_04
242,EP09_04
243,EP09_09
244,EP13_01
245,EP13_02
246,EP13_11
247,EP15_01
248,EP16_01
249,EP18_44
250,EP18_46
251,EP18_47
252,EP18_49
253,EP18_50
254,EP18_51
